model,accuracy,weightedRecall,weightedPrecision,f1
Logistic Regression,1.0,1.0,1.0,1.0
Random Forest,0.978723404255,0.978723404255,0.980053191489,0.978723404255
Naive Bayes,0.978723404255,0.978723404255,0.980053191489,0.978723404255
