model,accuracy,weightedRecall,weightedPrecision,f1
Logistic Regression,1.0,1.0,1.0,1.0
Decision Tree,0.957446808511,0.957446808511,0.957446808511,0.957446808511
Random Forest,0.978723404255,0.978723404255,0.980053191489,0.978723404255
One vs Rest,0.978723404255,0.978723404255,0.980053191489,0.978723404255
Naive Bayes,0.978723404255,0.978723404255,0.980053191489,0.978723404255
