model,accuracy,weightedRecall,weightedPrecision,f1
LogisticRegression,1.0,1.0,1.0,1.0
DecisionTreeClassifier,0.957446808511,0.957446808511,0.957446808511,0.957446808511
RandomForestClassifier,0.978723404255,0.978723404255,0.980053191489,0.978723404255
OneVsRest,0.978723404255,0.978723404255,0.980053191489,0.978723404255
NaiveBayes,0.978723404255,0.978723404255,0.980053191489,0.978723404255
