model,r2,rmse,mae
Linear Regression by Cross Validation,0.847623536635,3.07040342815,2.42977880838
Decision Tree,0.679517474918,4.45285624251,3.07248567049
Random Forest,0.776842220072,3.71571600959,2.54704394316
Gradient Boosted Trees,0.703181683199,4.28530607495,2.84467787677
