model,r2,rmse,mae
Linear Regression by Cross Validation,0.871121999408,2.86627610374,2.23988265505
Decision Tree,0.697240661684,4.39316385486,3.198735223
Random Forest,0.839818617334,3.19546928247,2.38797152103
Gradient Boosted Trees,0.717235689079,4.24561809014,2.88311283675
