model,r2,rmse,mae
Linear Regression,0.851961331010659,2.95703706584886,2.20543233108997
Decision Tree,0.656231873462803,4.56161451252872,3.45831686107608
Random Forest,0.824576789528073,3.22184011259056,2.30428743292459
Gradient Boosted Trees,0.85801126918941,2.9002651145263,2.16314044574118
