"","model","r2","rmse","mae"
"1","Linear Regression",0.771041478844596,4.53064659496879,3.42610655764481
"2","Decision Tree",0.806261826005627,4.15823923554327,3.17006845028664
"3","Random Forest",0.877746304437674,3.32322428411418,2.3380795050505
"4","Gradient Boosted Trees",0.900374271634485,3.02254224878936,2.2395880092858
