model,accuracy,weightedRecall,weightedPrecision
Linear Regression,0.982300884955752,0.982300884955752,0.982300884955752
Decision Tree,0.955752212389381,0.955752212389381,0.960897303972011
Random Forest,0.991150442477876,0.991150442477876,0.991377354209213
Naive Bayes,0.955752212389381,0.955752212389381,0.957583793284203
