model,r2,rmse,mae
Linear Regression,0.283698403411565,0.737051458094977,0.571238547583689
Decision Tree,0.213785848957218,0.773381178598614,0.612940189481337
Random Forest,0.488034959764832,0.623391192357714,0.453359063452967
Gradient Boosted Trees,0.37041237348309,0.690960176815443,0.534014312717407
