"","model","r2","rmse","mae"
"1","Linear Regression",0.867524148730772,2.76480513613191,2.02368240350262
"2","Decision Tree",0.647037207077197,4.54789678911253,3.12794912628794
"3","Random Forest",0.770142946368798,3.67160854962055,2.5101953813933
"4","Gradient Boosted Trees",0.83925086187083,3.07103348925189,2.10267992501598
