"","model","r2","rmse","mae"
"1","Linear Regression",0.762309650310052,4.26338591263645,3.27589299254671
"2","Decision Tree",0.732560780065926,4.67205271424525,3.34074507420228
"3","Random Forest",0.872887740187374,3.09517823057875,2.124183
"4","Gradient Boosted Trees",0.889901005849759,2.89993204109407,2.09831186619519
