"","model","accuracy","weightedRecall","weightedPrecision"
"1","Linear Regression",0.982300884955752,0.982300884955752,0.982300884955752
"2","Decision Tree",0.964601769911504,0.964601769911504,0.96543756145526
"3","Random Forest",0.991150442477876,0.991150442477876,0.991377354209213
"4","Naive Bayes",0.964601769911504,0.964601769911504,0.964601769911504
