"","model","accuracy","weightedRecall","weightedPrecision"
"1","Linear Regression",0.988381330685204,0.988381330685204,0.988330571144542
"2","Decision Tree",0.980039721946375,0.980039721946375,0.98022560927589
"3","Random Forest",0.999503475670308,0.999503475670308,0.999503643861835
"4","Naive Bayes",0.964250248262165,0.964250248262165,0.96318113389758
