"","model","r2","rmse","mae"
"1","Linear Regression",0.285399658361208,0.735022375148665,0.572333313402316
"2","Decision Tree",0.224144272640548,0.766612505691428,0.616606604492622
"3","Random Forest",0.472611665541525,0.631533204976663,0.464272885878489
"4","Gradient Boosted Trees",0.378693419442972,0.685629616100601,0.538486196805115
