model,r2,rmse,mae
Linear Regression by Cross Validation,0.307804393763,0.734540832758,0.566285461815
Decision Tree,0.292965002281,0.74237267763,0.573310639452
Random Forest,0.334652237428,0.720154824151,0.572979386983
Gradient Boosted Trees,0.355751066765,0.708644430087,0.53988281881
