model,r2,rmse,mae
TrainValidationSplit,0.307804393763,0.734540832758,0.566285461815
DecisionTreeRegressor,0.292965002281,0.74237267763,0.573310639452
RandomForestRegressor,0.332164390804,0.721499957604,0.567723930917
GBTRegressor,0.355751066765,0.708644430087,0.53988281881
