model,accuracy,weightedRecall,weightedPrecision
Logistic Regression,0.812107367219,0.812107367219,0.803065576111
Decision Tree,0.785836664763,0.785836664763,0.772603422595
Random Forest,0.796116504854,0.796116504854,0.784592048993
One vs Rest,0.812107367219,0.812107367219,0.803065576111
Naive Bayes,0.709880068532,0.709880068532,0.772533669853
Gradient Boosted Trees,0.797829811536,0.797829811536,0.788125481884
Linear Support Vector Machine,0.802969731582,0.802969731582,0.793215064358
