model,r2,rmse,mae
Linear Regression,0.852789014311,3.01791224986,2.3933806833
Decision Tree,0.778602497465,3.70103213811,2.42173961237
Random Forest,0.811618703339,3.4139361041,2.24681972972
Gradient Boosted Trees,0.703181683199,4.28530607495,2.84467787677
