model,r2,rmse,mae
Linear Regression,0.695305376981,4.29642102676,3.02570071055
Decision Tree,0.674671816935,4.43951248923,2.84142145686
Random Forest,0.829963135044,3.20956357632,2.21749873048
Gradient Boosted Trees,0.684035279594,4.37515793588,2.65436780405
