model,accuracy,weightedRecall,weightedPrecision
Logistic Regression,0.988023952096,0.988023952096,0.987946138128
Decision Tree,0.989820359281,0.989820359281,0.990052769285
Random Forest,0.989221556886,0.989221556886,0.989255359427
One vs Rest,0.990119760479,0.990119760479,0.990043621254
Naive Bayes,0.624550898204,0.624550898204,0.819121496317
