model,r2,rmse,mae
Linear Regression,0.307913351628,0.73448301879,0.566159875294
Decision Tree,0.29945952042,0.73895525438,0.569340068247
Random Forest,0.465288764663,0.645596516968,0.469824895295
Gradient Boosted Trees,0.355751066765,0.708644430087,0.53988281881
