model,r2,rmse,mae
Linear Regression by Cross Validation,0.695098990474,4.29787588214,3.09986524622
Decision Tree,0.674671816935,4.43951248923,2.84142145686
Random Forest,0.838812395866,3.12492974738,2.2382451602
Gradient Boosted Trees,0.684035279594,4.37515793588,2.65436780405
