model,accuracy,weightedRecall,weightedPrecision,f1
Logistic Regression,0.988023952096,0.988023952096,0.987946138128,0.98796372981
Random Forest,0.962275449102,0.962275449102,0.961380900842,0.95873316982
Naive Bayes,0.624850299401,0.624850299401,0.819401169265,0.68938701237
