model,accuracy,weightedRecall,weightedPrecision,f1
Logistic Regression,0.988023952096,0.988023952096,0.987946138128,0.98796372981
Decision Tree,0.981736526946,0.981736526946,0.982370583531,0.981759872487
Random Forest,0.972754491018,0.972754491018,0.972229066086,0.971398040801
One vs Rest,0.990119760479,0.990119760479,0.990043621254,0.990063101791
Naive Bayes,0.624850299401,0.624850299401,0.819401169265,0.68938701237
